first_name,last_name,email,gender,favorite_word,university,job_title,skill,language;
Merle,Klementz,mklementz0@bloomberg.com,Female,Triple-buffered,Asian Management Institute,Senior Financial Analyst,Attorneys,Finnish;
Cass,Sleeford,csleeford1@elpais.com,Male,Expanded,North Island College,Computer Systems Analyst II,OLT,Catalan;
Ives,McLean,imclean2@nba.com,Male,coherent,St. Matthews University,Environmental Tech,IOSH,Māori;
Levy,Lohde,llohde3@phpbb.com,Male,responsive,Portland State University,Web Designer I,LBO,Bulgarian;
Gunther,Wilford,gwilford4@t-online.de,Male,Graphic Interface,Universidad Nacional de Asunción,Web Developer IV,Xen,Tswana;
Jeddy,Coghlin,jcoghlin5@stumbleupon.com,Male,Quality-focused,Hokkaido Institute of Pharmaceutical Sciences,Staff Scientist,Hotel Management,Gujarati;
Cristen,Shergill,cshergill6@last.fm,Female,local area network,Wuhan Transportation University,VP Quality Control,QA Automation,Danish;
Dagny,Moyes,dmoyes7@163.com,Male,web-enabled,Yangtze University,Teacher,DV Cleared,New Zealand Sign Language;
Emogene,Bartak,ebartak8@addthis.com,Female,asynchronous,Baker College of Muskegon,Tax Accountant,Waterfall,Icelandic;
Tate,Hebbs,thebbs9@netscape.com,Male,data-warehouse,Katsina University,GIS Technical Architect,Document Review,Guaraní;